Season,SeasonType,PlayerId,PlayerName,SumOfSumOfImpact,SSIRank
2010-2011,Regular Season,8470616,Ryan Kesler,29.28227894,1
2010-2011,Regular Season,8473604,Jonathan Toews,27.9554554,2
2010-2011,Regular Season,8470595,Eric Staal,26.7291613,3
2010-2011,Regular Season,8470604,Jeff Carter,25.91727519,4
2010-2011,Regular Season,8471214,Alex Ovechkin,24.78255418,5
2010-2011,Regular Season,8470794,Joe Pavelski,23.86185379,6
2010-2011,Regular Season,8473512,Claude Giroux,23.72718626,7
2010-2011,Regular Season,8469544,Patrick Sharp,23.01282262,8
2010-2011,Regular Season,8469521,Tomas Plekanec,21.9745456,9
2010-2011,Regular Season,8467389,Brad Richards,21.45045543,10
2010-2011,Regular Season,8471685,Anze Kopitar,21.29184699,11
2010-2011,Regular Season,8468083,Henrik Zetterberg,21.13748272,12
2010-2011,Regular Season,8469455,Jason Spezza,21.04620272,13
2010-2011,Regular Season,8475166,John Tavares,20.82429138,14
2010-2011,Regular Season,8473546,Michael Grabner,20.34580654,15
2010-2011,Regular Season,8474564,Steven Stamkos,20.29228016,16
2010-2011,Regular Season,8471273,Brandon Dubinsky,19.43235409,17
2010-2011,Regular Season,8471669,Paul Stastny,19.26491844,18
2010-2011,Regular Season,8469457,Stephen Weiss,18.83673435,19
2010-2011,Regular Season,8471390,Mike Santorelli,18.79727258,20
2010-2011,Regular Season,8470041,Rick Nash,18.68783067,21
2010-2011,Regular Season,8462042,Jarome Iginla,18.1432454,22
2010-2011,Regular Season,8470598,Thomas Vanek,18.09585312,23
2010-2011,Regular Season,8473412,Bryan Little,17.81406717,24
2010-2011,Regular Season,8466139,Patrick Marleau,17.72143452,25
2010-2011,Regular Season,8473548,Phil Kessel,17.26953173,26
2010-2011,Regular Season,8471362,Mikhail Grabovski,17.09836695,27
2010-2011,Regular Season,8466378,Martin St. Louis,17.07886205,28
2010-2011,Regular Season,8469459,Mikko Koivu,16.91436637,29
2010-2011,Regular Season,8464975,Daniel Briere,16.76708884,30
2010-2011,Regular Season,8465050,Eric Belanger,16.16455309,31
2010-2011,Regular Season,8471218,Blake Wheeler,16.14901212,32
2010-2011,Regular Season,8468535,Antoine Vermette,15.91296481,33
2010-2011,Regular Season,8467875,Daniel Sedin,15.85552638,34
2010-2011,Regular Season,8466140,Olli Jokinen,15.8225144,35
2010-2011,Regular Season,8468504,Brad Boyes,15.68448131,36
2010-2011,Regular Season,8467876,Henrik Sedin,15.51745786,37
2010-2011,Regular Season,8474053,Logan Couture,15.49829473,38
2010-2011,Regular Season,8467329,Vincent Lecavalier,15.2226685,39
2010-2011,Regular Season,8467371,Mike Ribeiro,15.21412903,40
2010-2011,Regular Season,8468526,Jarret Stoll,15.11666146,41
2010-2011,Regular Season,8473994,Jamie Benn,15.09276554,42
2010-2011,Regular Season,8470621,Corey Perry,15.07709173,43
2010-2011,Regular Season,8475098,Tyler Bozak,15.07368698,44
2010-2011,Regular Season,8471675,Sidney Crosby,14.92091695,45
2010-2011,Regular Season,8457981,Teemu Selanne,14.9128278,46
2010-2011,Regular Season,8471514,Rich Peverley,14.84724259,47
2010-2011,Regular Season,8462038,Shane Doan,14.713924,48
2010-2011,Regular Season,8473563,Nicklas Backstrom,14.62793966,49
2010-2011,Regular Season,8471676,Bobby Ryan,14.61217863,50
2010-2011,Regular Season,8467396,Erik Cole,14.5532148,51
2010-2011,Regular Season,8470642,Shea Weber,14.47350922,52
2010-2011,Regular Season,8470655,David Backes,14.41967938,53
2010-2011,Regular Season,8473534,Patrik Berglund,14.41282927,54
2010-2011,Regular Season,8474141,Patrick Kane,14.19285457,55
2010-2011,Regular Season,8469469,R.J. Umberger,14.14767643,56
2010-2011,Regular Season,8470617,Mike Richards,14.10206745,57
2010-2011,Regular Season,8470638,Patrice Bergeron,13.94479074,58
2010-2011,Regular Season,8474589,Tyler Ennis,13.80271938,59
2010-2011,Regular Season,8467407,Brian Gionta,13.65226742,60
2010-2011,Regular Season,8466160,Brenden Morrow,13.62596825,61
2010-2011,Regular Season,8469639,Brooks Laich,13.52535591,62
2010-2011,Regular Season,8471309,Johan Franzen,13.52341731,63
2010-2011,Regular Season,8468064,Martin Erat,13.34070653,64
2010-2011,Regular Season,8467878,Tim Connolly,13.26120656,65
2010-2011,Regular Season,8475168,Matt Duchene,13.24621232,66
2010-2011,Regular Season,8471217,Andrew Ladd,13.19527317,67
2010-2011,Regular Season,8471233,Travis Zajac,13.17531989,68
2010-2011,Regular Season,8462129,Michal Handzus,13.08841569,69
2010-2011,Regular Season,8470257,Alexander Steen,13.00528942,70
2010-2011,Regular Season,8467351,Scott Gomez,12.7283306,71
2010-2011,Regular Season,8469454,Ilya Kovalchuk,12.68216221,72
2010-2011,Regular Season,8469638,Jussi Jokinen,12.67937211,73
2010-2011,Regular Season,8471794,Darren Helm,12.59255383,74
2010-2011,Regular Season,8470543,Chris Kunitz,12.56586143,75
2010-2011,Regular Season,8458537,Ray Whitney,12.55994865,76
2010-2011,Regular Season,8470120,Alexander Semin,12.54145357,77
2010-2011,Regular Season,8467096,Dan Boyle,12.32236281,78
2010-2011,Regular Season,8471226,Drew Stafford,12.30503202,79
2010-2011,Regular Season,8471232,Lauri Korpikoski,12.25097648,80
2010-2011,Regular Season,8470606,Dustin Brown,12.23517676,81
2010-2011,Regular Season,8473564,Michael Frolik,12.21947916,82
2010-2011,Regular Season,8470358,Alexandre Burrows,12.15079112,83
2010-2011,Regular Season,8474091,Brandon Sutter,11.98879481,84
2010-2011,Regular Season,8473579,Nikolay Kulemin,11.86142136,85
2010-2011,Regular Season,8457063,Nicklas Lidstrom,11.82598737,86
2010-2011,Regular Season,8470144,Frans Nielsen,11.74023143,87
2010-2011,Regular Season,8471245,Dave Bolland,11.7287155,88
2010-2011,Regular Season,8466138,Joe Thornton,11.72370159,89
2010-2011,Regular Season,8470597,Nikolay Zherdev,11.68387099,90
2010-2011,Regular Season,8473485,Chris Stewart,11.57166595,91
2010-2011,Regular Season,8471346,Kris Versteeg,11.47994965,92
2010-2011,Regular Season,8471707,James Neal,11.4269366,93
2010-2011,Regular Season,8468508,Justin Williams,11.30026425,94
2010-2011,Regular Season,8474613,Derek Stepan,11.29635701,95
2010-2011,Regular Season,8471274,Alex Goligoski,11.18752859,96
2010-2011,Regular Season,8467844,Jason Blake,11.18584361,97
2010-2011,Regular Season,8466371,John Madden,11.17830451,98
2010-2011,Regular Season,8467943,Niklas Hagman,11.16415445,99
2010-2011,Regular Season,8468575,Dominic Moore,11.10017738,100
2010-2011,Regular Season,8471311,Tyler Kennedy,11.063909,101
2010-2011,Regular Season,8468518,Tomas Kopecky,11.04436527,102
2010-2011,Regular Season,8471266,David Booth,10.99619718,103
2010-2011,Regular Season,8470619,Brian Boyle,10.873044,104
2010-2011,Regular Season,8475784,Jeff Skinner,10.79383925,105
2010-2011,Regular Season,8470740,Lee Stempniak,10.75956866,106
2010-2011,Regular Season,8471234,Wojtek Wolski,10.75561082,107
2010-2011,Regular Season,8470171,Maxime Talbot,10.73698517,108
2010-2011,Regular Season,8471276,David Krejci,10.7180436,109
2010-2011,Regular Season,8467463,Mikael Samuelsson,10.63984894,110
2010-2011,Regular Season,8460577,Milan Hejduk,10.55042662,111
2010-2011,Regular Season,8470603,Andrei Kostitsyn,10.54154826,112
2010-2011,Regular Season,8475158,Ryan O'Reilly,10.40995534,113
2010-2011,Regular Season,8466148,Marian Hossa,10.40117287,114
2010-2011,Regular Season,8474040,Sam Gagner,10.38896566,115
2010-2011,Regular Season,8471699,Andrew Cogliano,10.25898774,116
2010-2011,Regular Season,8470283,Tim Brent,10.12677853,117
2010-2011,Regular Season,8467370,Mike Fisher,10.06289164,118
2010-2011,Regular Season,8469707,Pierre-Alexandre Parenteau,10.01125031,119
2010-2011,Regular Season,8467334,Manny Malhotra,10.00344749,120
2010-2011,Regular Season,8470274,Chris Higgins,9.884846502,121
2010-2011,Regular Season,8471215,Evgeni Malkin,9.866076011,122
2010-2011,Regular Season,8459442,Saku Koivu,9.797090964,123
2010-2011,Regular Season,8470299,Erik Christensen,9.781583923,124
2010-2011,Regular Season,8466149,Daniel Cleary,9.747008003,125
2010-2011,Regular Season,8473573,Artem Anisimov,9.725591276,126
2010-2011,Regular Season,8473544,Derick Brassard,9.677312091,127
2010-2011,Regular Season,8470151,Jay Bouwmeester,9.610209001,128
2010-2011,Regular Season,8459444,Todd Bertuzzi,9.608458836,129
2010-2011,Regular Season,8469555,Christian Ehrhoff,9.59792101,130
2010-2011,Regular Season,8466393,Pascal Dupuis,9.585109288,131
2010-2011,Regular Season,8470596,Nathan Horton,9.568482166,132
2010-2011,Regular Season,8458525,Brian Rolston,9.552386848,133
2010-2011,Regular Season,8466251,Jason Chimera,9.52231078,134
2010-2011,Regular Season,8460542,Patrik Elias,9.520256261,135
2010-2011,Regular Season,8469547,Jordin Tootoo,9.478310863,136
2010-2011,Regular Season,8471664,Mason Raymond,9.437284512,137
2010-2011,Regular Season,8475169,Evander Kane,9.3816054,138
2010-2011,Regular Season,8460743,Tomas Holmstrom,9.299870544,139
2010-2011,Regular Season,8470834,Dustin Byfuglien,9.244909272,140
2010-2011,Regular Season,8459429,Jason Arnott,9.153374478,141
2010-2011,Regular Season,8471698,T.J. Oshie,9.117864255,142
2010-2011,Regular Season,8469462,Tuomo Ruutu,9.103966639,143
2010-2011,Regular Season,8471851,Matt D'Agostini,9.093558432,144
2010-2011,Regular Season,8468483,Marian Gaborik,9.093352641,145
2010-2011,Regular Season,8470613,Brent Burns,9.077304368,146
2010-2011,Regular Season,8474573,Josh Bailey,9.050588932,147
2010-2011,Regular Season,8474563,Drew Doughty,8.98522706,148
2010-2011,Regular Season,8469622,Ryane Clowe,8.973067564,149
2010-2011,Regular Season,8470153,Pierre-Marc Bouchard,8.900602279,150
2010-2011,Regular Season,8470775,Nate Thompson,8.889984895,151
2010-2011,Regular Season,8468434,Andy McDonald,8.852789021,152
2010-2011,Regular Season,8469506,Jason Pominville,8.846984244,153
2010-2011,Regular Season,8474161,Jakub Voracek,8.772713628,154
2010-2011,Regular Season,8469465,Dan Hamhuis,8.744067781,155
2010-2011,Regular Season,8474190,Wayne Simmonds,8.719033422,156
2010-2011,Regular Season,8474569,Colin Wilson,8.714905467,157
2010-2011,Regular Season,8469759,Vernon Fiddler,8.711803985,158
2010-2011,Regular Season,8464989,Matt Cullen,8.556901327,159
2010-2011,Regular Season,8467423,Shawn Horcoff,8.554539922,160
2010-2011,Regular Season,8460496,Ryan Smyth,8.516531134,161
2010-2011,Regular Season,8470626,Loui Eriksson,8.512536195,162
2010-2011,Regular Season,8474565,Alex Pietrangelo,8.508603399,163
2010-2011,Regular Season,8468542,Paul Martin,8.354874116,164
2010-2011,Regular Season,8470803,Kyle Brodziak,8.292654302,165
2010-2011,Regular Season,8467338,Alex Tanguay,8.280226465,166
2010-2011,Regular Season,8467925,Adam Hall,8.274603932,167
2010-2011,Regular Season,8468704,Antti Miettinen,8.259055753,168
2010-2011,Regular Season,8473473,Milan Lucic,8.254679891,169
2010-2011,Regular Season,8460567,Chris Clark,8.249195834,170
2010-2011,Regular Season,8471682,Devin Setoguchi,8.239321434,171
2010-2011,Regular Season,8471339,Ryan Callahan,8.236522958,172
2010-2011,Regular Season,8470039,Tomas Fleischmann,8.211674543,173
2010-2011,Regular Season,8470599,Milan Michalek,8.166523312,174
2010-2011,Regular Season,8470137,Joni Pitkanen,8.147608598,175
2010-2011,Regular Season,8459670,Kimmo Timonen,8.09446649,176
2010-2011,Regular Season,8462176,Brent Sopel,8.057654519,177
2010-2011,Regular Season,8470755,Brad Richardson,8.048567523,178
2010-2011,Regular Season,8470920,David Clarkson,8.037554068,179
2010-2011,Regular Season,8473504,Cal Clutterbuck,8.023136554,180
2010-2011,Regular Season,8470281,Duncan Keith,8.001414522,181
2010-2011,Regular Season,8474037,James van Riemsdyk,7.988400341,182
2010-2011,Regular Season,8467988,Ryan Malone,7.978305353,183
2010-2011,Regular Season,8467899,Martin Havlat,7.929382154,184
2010-2011,Regular Season,8467514,Pavel Datsyuk,7.884287666,185
2010-2011,Regular Season,8469483,David Steckel,7.842676227,186
2010-2011,Regular Season,8467330,David Legwand,7.826670352,187
2010-2011,Regular Season,8473537,Viktor Stalberg,7.82432855,188
2010-2011,Regular Season,8467353,Nik Antropov,7.790164175,189
2010-2011,Regular Season,8471887,Patric Hornqvist,7.786154382,190
2010-2011,Regular Season,8468639,John-Michael Liles,7.768570618,191
2010-2011,Regular Season,8468485,Raffi Torres,7.762600839,192
2010-2011,Regular Season,8467545,Michael Ryder,7.743011351,193
2010-2011,Regular Season,8471804,Nathan Gerbe,7.739566117,194
2010-2011,Regular Season,8471735,Keith Yandle,7.707435798,195
2010-2011,Regular Season,8475791,Taylor Hall,7.692731974,196
2010-2011,Regular Season,8471807,Tom Wandell,7.65977425,197
2010-2011,Regular Season,8474646,Brandon McMillan,7.610466986,198
2010-2011,Regular Season,8475149,Marcus Johansson,7.55329244,199
2010-2011,Regular Season,8468085,Radim Vrbata,7.496921599,200
2010-2011,Regular Season,8468520,Kurtis Foster,7.463391551,201
2010-2011,Regular Season,8465009,Zdeno Chara,7.458983833,202
2010-2011,Regular Season,8468208,Joel Ward,7.389524903,203
2010-2011,Regular Season,8467881,Taylor Pyatt,7.378305396,204
2010-2011,Regular Season,8471498,Jannik Hansen,7.345349578,205
2010-2011,Regular Season,8471691,Martin Hanzal,7.230171099,206
2010-2011,Regular Season,8474578,Erik Karlsson,7.1885212,207
2010-2011,Regular Season,8471323,Ryan Jones,7.026087146,208
2010-2011,Regular Season,8467967,Chris Kelly,7.009727747,209
2010-2011,Regular Season,8470180,Eric Nystrom,6.974049723,210
2010-2011,Regular Season,8470602,Dion Phaneuf,6.963788388,211
2010-2011,Regular Season,8468162,Jerred Smithson,6.958231071,212
2010-2011,Regular Season,8470047,Valtteri Filppula,6.949154424,213
2010-2011,Regular Season,8470105,Scottie Upshall,6.924773263,214
2010-2011,Regular Season,8475794,Tyler Seguin,6.899580102,215
2010-2011,Regular Season,8470162,Matt Stajan,6.892792594,216
2010-2011,Regular Season,8471724,Kris Letang,6.84581102,217
2010-2011,Regular Season,8450725,Mark Recchi,6.798872801,218
2010-2011,Regular Season,8471697,Niclas Bergfors,6.797636858,219
2010-2011,Regular Season,8466181,Kristian Huselius,6.791352307,220
2010-2011,Regular Season,8468598,Lubomir Visnovsky,6.765420414,221
2010-2011,Regular Season,8471303,Alexander Edler,6.71296972,222
2010-2011,Regular Season,8469812,Chad LaRose,6.648951668,223
2010-2011,Regular Season,8469473,Marcel Goc,6.641163608,224
2010-2011,Regular Season,8469500,Mike Cammalleri,6.595357248,225
2010-2011,Regular Season,8474150,Mikael Backlund,6.52882487,226
2010-2011,Regular Season,8473700,Ryan Wilson,6.507118622,227
2010-2011,Regular Season,8473446,Erik Johnson,6.411752578,228
2010-2011,Regular Season,8464967,Marty Reasoner,6.343546889,229
2010-2011,Regular Season,8474157,Max Pacioretty,6.335663602,230
2010-2011,Regular Season,8471504,Rene Bourque,6.320578429,231
2010-2011,Regular Season,8469466,Ales Hemsky,6.307141075,232
2010-2011,Regular Season,8470600,Ryan Suter,6.263723288,233
2010-2011,Regular Season,8466035,Sergei Samsonov,6.238077813,234
2010-2011,Regular Season,8470622,Patrick Eaves,6.235722498,235
2010-2011,Regular Season,8465185,Willie Mitchell,6.219390278,236
2010-2011,Regular Season,8473914,Mark Letestu,6.189702873,237
2010-2011,Regular Season,8473453,Trevor Lewis,6.174043897,238
2010-2011,Regular Season,8475692,Mats Zuccarello,6.170743052,239
2010-2011,Regular Season,8471709,Marc-Edouard Vlasic,6.166518713,240
2010-2011,Regular Season,8471185,Curtis Glencross,6.122920922,241
2010-2011,Regular Season,8471236,Andrej Meszaros,6.068017635,242
2010-2011,Regular Season,8459053,Adrian Aucoin,6.064162286,243
2010-2011,Regular Season,8468172,Ruslan Fedotenko,6.024910093,244
2010-2011,Regular Season,8473962,Teddy Purcell,6.005796546,245
2010-2011,Regular Season,8471859,Sergei Kostitsyn,5.949628506,246
2010-2011,Regular Season,8470176,Sean Bergenheim,5.876721584,247
2010-2011,Regular Season,8468482,Dany Heatley,5.85305813,248
2010-2011,Regular Season,8470601,Braydon Coburn,5.833103685,249
2010-2011,Regular Season,8470207,Joffrey Lupul,5.824901244,250
2010-2011,Regular Season,8469760,Zbynek Michalek,5.793546172,251
2010-2011,Regular Season,8474551,Ville Leino,5.752609808,252
2010-2011,Regular Season,8458529,Alex Kovalev,5.739760559,253
2010-2011,Regular Season,8471811,Cal O'Reilly,5.732884234,254
2010-2011,Regular Season,8458938,Roman Hamrlik,5.679566225,255
2010-2011,Regular Season,8460621,Daniel Alfredsson,5.677771649,256
2010-2011,Regular Season,8465170,Fernando Pisani,5.658064438,257
2010-2011,Regular Season,8474568,Luke Schenn,5.657017198,258
2010-2011,Regular Season,8470159,Boyd Gordon,5.647794074,259
2010-2011,Regular Season,8473419,Brad Marchand,5.639106173,260
2010-2011,Regular Season,8468463,Mathieu Darche,5.631802897,261
2010-2011,Regular Season,8471476,Daniel Winnik,5.60430056,262
2010-2011,Regular Season,8471634,Ryan Shannon,5.602902323,263
2010-2011,Regular Season,8471677,Jack Johnson,5.564275244,264
2010-2011,Regular Season,8471242,Mike Green,5.514587181,265
2010-2011,Regular Season,8469664,David Moss,5.488148797,266
2010-2011,Regular Season,8464966,Derek Morris,5.474022348,267
2010-2011,Regular Season,8471680,Gilbert Brule,5.473392788,268
2010-2011,Regular Season,8459492,Vinny Prospal,5.467367774,269
2010-2011,Regular Season,8470667,Clarke MacArthur,5.447773435,270
2010-2011,Regular Season,8470678,Alexandre Picard,5.438960682,271
2010-2011,Regular Season,8470187,Johnny Boychuk,5.437441097,272
2010-2011,Regular Season,8458590,Mike Knuble,5.42867773,273
2010-2011,Regular Season,8469485,Derek Roy,5.374662977,274
2010-2011,Regular Season,8475788,Alexander Burmistrov,5.37242533,275
2010-2011,Regular Season,8465951,Matt Cooke,5.351995516,276
2010-2011,Regular Season,8468001,Derek MacKenzie,5.323563962,277
2010-2011,Regular Season,8474068,Kyle Turris,5.301656904,278
2010-2011,Regular Season,8471686,Marc Staal,5.294099945,279
2010-2011,Regular Season,8470697,Philippe Dupuis,5.28926589,280
2010-2011,Regular Season,8467890,Barret Jackman,5.27902385,281
2010-2011,Regular Season,8475637,Bobby Butler,5.252585133,282
2010-2011,Regular Season,8470620,Jeff Tambellini,5.198841703,283
2010-2011,Regular Season,8470121,Matt Greene,5.125950384,284
2010-2011,Regular Season,8464977,Dainius Zubrus,5.049228543,285
2010-2011,Regular Season,8467361,Blair Betts,5.047866677,286
2010-2011,Regular Season,8471450,Brandon Yip,5.005452847,287
2010-2011,Regular Season,8474138,Dustin Jeffrey,4.965879484,288
2010-2011,Regular Season,8466285,Brian Campbell,4.924092653,289
2010-2011,Regular Season,8470169,Gregory Campbell,4.912592026,290
2010-2011,Regular Season,8469490,Tim Jackman,4.910936743,291
2010-2011,Regular Season,8462077,Jochen Hecht,4.910044881,292
2010-2011,Regular Season,8470778,Drew Miller,4.891543427,293
2010-2011,Regular Season,8467831,Jeff Halpern,4.829755746,294
2010-2011,Regular Season,8449645,Mike Modano,4.75145229,295
2010-2011,Regular Season,8473533,Jordan Staal,4.744041171,296
2010-2011,Regular Season,8470612,Ryan Getzlaf,4.729648259,297
2010-2011,Regular Season,8467917,Jordan Leopold,4.72553056,298
2010-2011,Regular Season,8459640,Michael Grier,4.702117474,299
2010-2011,Regular Season,8471254,Bryan Bickell,4.676728382,300
2010-2011,Regular Season,8460719,Steve Sullivan,4.657626135,301
2010-2011,Regular Season,8469684,Milan Jurcina,4.634756384,302
2010-2011,Regular Season,8474567,Zach Bogosian,4.609330051,303
2010-2011,Regular Season,8473574,Shawn Matthias,4.595179381,304
2010-2011,Regular Season,8462118,Marc Savard,4.580502794,305
2010-2011,Regular Season,8471976,David Desharnais,4.580157433,306
2010-2011,Regular Season,8470611,Eric Fehr,4.532543742,307
2010-2011,Regular Season,8468611,Matt Hendricks,4.512559216,308
2010-2011,Regular Season,8471352,Jake Dowell,4.508202061,309
2010-2011,Regular Season,8467543,Toby Petersen,4.488930744,310
2010-2011,Regular Season,8474685,Matt Calvert,4.454021104,311
2010-2011,Regular Season,8474059,Linus Omark,4.440982213,312
2010-2011,Regular Season,8471768,Tom Pyatt,4.431636221,313
2010-2011,Regular Season,8470054,Keith Ballard,4.427535899,314
2010-2011,Regular Season,8469770,Dennis Wideman,4.403197979,315
2010-2011,Regular Season,8471331,Kevin Porter,4.317436378,316
2010-2011,Regular Season,8470699,Jan Hejda,4.271853425,317
2010-2011,Regular Season,8474612,Travis Hamonic,4.259926889,318
2010-2011,Regular Season,8471208,Dustin Penner,4.235485455,319
2010-2011,Regular Season,8471862,Colin Greening,4.170340332,320
2010-2011,Regular Season,8470662,Colin Fraser,4.165623304,321
2010-2011,Regular Season,8474520,Jason Garrison,4.131573539,322
2010-2011,Regular Season,8473422,Nick Foligno,4.111669881,323
2010-2011,Regular Season,8470610,Zach Parise,4.058359436,324
2010-2011,Regular Season,8468432,Steve Reinprecht,4.04827398,325
2010-2011,Regular Season,8459427,Rob Niedermayer,4.042189432,326
2010-2011,Regular Season,8468509,Niklas Kronwall,4.024936966,327
2010-2011,Regular Season,8470265,Anton Babchuk,4.003848311,328
2010-2011,Regular Season,8465978,Shawn Thornton,3.991279776,329
2010-2011,Regular Season,8473999,Nick Palmieri,3.988428307,330
2010-2011,Regular Season,8459596,Andrew Brunette,3.983009036,331
2010-2011,Regular Season,8470302,Patrick Dwyer,3.970424487,332
2010-2011,Regular Season,8474134,Yannick Weber,3.953269797,333
2010-2011,Regular Season,8468498,Brooks Orpik,3.909254703,334
2010-2011,Regular Season,8474218,Jason Demers,3.895999258,335
2010-2011,Regular Season,8465042,Toni Lydman,3.859977138,336
2010-2011,Regular Season,8471238,Rob Schremp,3.851559037,337
2010-2011,Regular Season,8459462,Bryan McCabe,3.826625461,338
2010-2011,Regular Season,8459461,Brendan Morrison,3.799459129,339
2010-2011,Regular Season,8474096,Nick Spaling,3.729830203,340
2010-2011,Regular Season,8471693,Jakub Kindl,3.721137537,341
2010-2011,Regular Season,8471260,Blake Comeau,3.704942083,342
2010-2011,Regular Season,8470618,Anthony Stewart,3.702645818,343
2010-2011,Regular Season,8470222,James Wisniewski,3.685090524,344
2010-2011,Regular Season,8471742,Cody Franson,3.659245633,345
2010-2011,Regular Season,8471283,Brandon Prust,3.649521075,346
2010-2011,Regular Season,8468577,Niclas Wallin,3.643638095,347
2010-2011,Regular Season,8469581,Kyle Wellwood,3.626222108,348
2010-2011,Regular Season,8474056,P.K. Subban,3.624542995,349
2010-2011,Regular Season,8459587,Todd Marchant,3.606294024,350
2010-2011,Regular Season,8473449,Kyle Okposo,3.557804073,351
2010-2011,Regular Season,8474184,Keaton Ellerby,3.547854454,352
2010-2011,Regular Season,8468700,Paul Gaustad,3.526612439,353
2010-2011,Regular Season,8475105,Dan Sexton,3.500709645,354
2010-2011,Regular Season,8473482,Jiri Tlusty,3.490573807,355
2010-2011,Regular Season,8470201,Jiri Hudler,3.461763522,356
2010-2011,Regular Season,8470877,David Jones,3.447604078,357
2010-2011,Regular Season,8472368,Chris Conner,3.40840337,358
2010-2011,Regular Season,8474586,Jordan Eberle,3.345583351,359
2010-2011,Regular Season,8474576,Zach Boychuk,3.282253624,360
2010-2011,Regular Season,8475175,Magnus Paajarvi,3.279512802,361
2010-2011,Regular Season,8474250,Zack Smith,3.219686512,362
2010-2011,Regular Season,8475167,Victor Hedman,3.215210933,363
2010-2011,Regular Season,8459424,Chris Pronger,3.197936065,364
2010-2011,Regular Season,8474031,Kevin Shattenkirk,3.179186854,365
2010-2011,Regular Season,8474038,Paul Byron,3.176392151,366
2010-2011,Regular Season,8471636,Tim Sestito,3.171696891,367
2010-2011,Regular Season,8467439,Jaroslav Spacek,3.157866166,368
2010-2011,Regular Season,8469470,Carlo Colaiacovo,3.140055039,369
2010-2011,Regular Season,8468635,Travis Moen,3.074591831,370
2010-2011,Regular Season,8467915,Mike Commodore,3.07234435,371
2010-2011,Regular Season,8473432,Derek Dorsett,3.042603462,372
2010-2011,Regular Season,8473465,Jamie McGinn,3.034157343,373
2010-2011,Regular Season,8471284,Andrej Sekera,3.025509471,374
2010-2011,Regular Season,8473618,Mathieu Perreault,2.998758382,375
2010-2011,Regular Season,8469765,Marc-Andre Bergeron,2.994170646,376
2010-2011,Regular Season,8474716,Jared Spurgeon,2.971154709,377
2010-2011,Regular Season,8473571,Jamie McBain,2.964522595,378
2010-2011,Regular Season,8470203,Greg Mauldin,2.933571759,379
2010-2011,Regular Season,8470318,Jonathan Ericsson,2.915587656,380
2010-2011,Regular Season,8473492,Matt Beleskey,2.908977854,381
2010-2011,Regular Season,8465058,Michal Rozsival,2.893787359,382
2010-2011,Regular Season,8475118,Matt Gilroy,2.891029762,383
2010-2011,Regular Season,8470750,John Mitchell,2.868676511,384
2010-2011,Regular Season,8470063,Adam Burish,2.837934635,385
2010-2011,Regular Season,8460720,Eric Boulton,2.830286887,386
2010-2011,Regular Season,8468486,Scott Hartnell,2.820930527,387
2010-2011,Regular Season,8474590,John Carlson,2.789834525,388
2010-2011,Regular Season,8473588,Erik Condra,2.779645312,389
2010-2011,Regular Season,8468505,Steve Ott,2.774684022,390
2010-2011,Regular Season,8470685,Alexander Sulzer,2.725202994,391
2010-2011,Regular Season,8471220,Rostislav Olesz,2.692255741,392
2010-2011,Regular Season,8467478,Kent Huskins,2.6839909,393
2010-2011,Regular Season,8458943,Cory Stillman,2.679710428,394
2010-2011,Regular Season,8460503,Mattias Ohlund,2.669797922,395
2010-2011,Regular Season,8474095,Dana Tyrell,2.660628107,396
2010-2011,Regular Season,8471324,Liam Reddox,2.660211206,397
2010-2011,Regular Season,8474498,Jesse Winchester,2.587504688,398
2010-2011,Regular Season,8474681,Andrei Loktionov,2.583205633,399
2010-2011,Regular Season,8473646,Ryan Carter,2.507598035,400
2010-2011,Regular Season,8469598,Kevin Bieksa,2.469173719,401
2010-2011,Regular Season,8470273,Ian White,2.445338827,402
2010-2011,Regular Season,8470852,Matt Moulson,2.432080001,403
2010-2011,Regular Season,8470654,Maxim Lapierre,2.430860527,404
2010-2011,Regular Season,8460556,Freddy Modin,2.417352884,405
2010-2011,Regular Season,8474125,Carl Gunnarsson,2.406151261,406
2010-2011,Regular Season,8471816,Mark Fayne,2.402039232,407
2010-2011,Regular Season,8474151,Ryan McDonagh,2.3854689,408
2010-2011,Regular Season,8471762,Chris VandeVelde,2.380744854,409
2010-2011,Regular Season,8469591,Cody McCormick,2.320230721,410
2010-2011,Regular Season,8469476,Tim Gleason,2.317954827,411
2010-2011,Regular Season,8475172,Nazem Kadri,2.312128752,412
2010-2011,Regular Season,8470614,Mark Stuart,2.282036721,413
2010-2011,Regular Season,8470649,Patrick O'Sullivan,2.276657172,414
2010-2011,Regular Season,8471729,Kris Russell,2.260675171,415
2010-2011,Regular Season,8471716,Justin Abdelkader,2.25002528,416
2010-2011,Regular Season,8474102,David Perron,2.242134065,417
2010-2011,Regular Season,8470310,Aaron Rome,2.233846994,418
2010-2011,Regular Season,8446485,Kris Draper,2.230287058,419
2010-2011,Regular Season,8471338,Torrey Mitchell,2.230172295,420
2010-2011,Regular Season,8473932,Darroll Powe,2.211325617,421
2010-2011,Regular Season,8459687,Scott Nichol,2.204630153,422
2010-2011,Regular Season,8467336,Mike Rupp,2.199105779,423
2010-2011,Regular Season,8466215,Joe Corvo,2.185737323,424
2010-2011,Regular Season,8465122,Brett Clark,2.179804747,425
2010-2011,Regular Season,8466145,Nick Boynton,2.173504533,426
2010-2011,Regular Season,8471761,Chris Butler,2.169801463,427
2010-2011,Regular Season,8466158,Scott Hannan,2.149923576,428
2010-2011,Regular Season,8470578,Freddy Meyer,2.126003247,429
2010-2011,Regular Season,8470828,Toby Enstrom,2.120514825,430
2010-2011,Regular Season,8462225,Filip Kuba,2.116106516,431
2010-2011,Regular Season,8471392,Roman Polak,2.115971789,432
2010-2011,Regular Season,8474705,Mark Olver,2.113824856,433
2010-2011,Regular Season,8473682,Andrew Ebbett,2.108670592,434
2010-2011,Regular Season,8475150,Jordan Caron,2.103344787,435
2010-2011,Regular Season,8474291,Jay Beagle,2.102335489,436
2010-2011,Regular Season,8471678,Benoit Pouliot,2.087872289,437
2010-2011,Regular Season,8468502,David Hale,2.082432141,438
2010-2011,Regular Season,8470839,Shane O'Brien,2.063278337,439
2010-2011,Regular Season,8470886,Clayton Stoner,2.051296985,440
2010-2011,Regular Season,8470289,Jim Slater,2.047196996,441
2010-2011,Regular Season,8474220,Jerome Samson,2.036564798,442
2010-2011,Regular Season,8469508,Jay McClement,2.032119484,443
2010-2011,Regular Season,8465914,Francis Bouillon,2.020820678,444
2010-2011,Regular Season,8471703,Steve Downie,2.012998839,445
2010-2011,Regular Season,8468789,Jason Williams,2.009682574,446
2010-2011,Regular Season,8465192,Samuel Pahlsson,1.970546023,447
2010-2011,Regular Season,8465166,Craig Adams,1.961450171,448
2010-2011,Regular Season,8471714,Michael Sauer,1.952287453,449
2010-2011,Regular Season,8469467,Chuck Kobasew,1.941404077,450
2010-2011,Regular Season,8468224,Sean Avery,1.919907351,451
2010-2011,Regular Season,8464962,Ruslan Salei,1.918369392,452
2010-2011,Regular Season,8469665,Johnny Oduya,1.909186256,453
2010-2011,Regular Season,8469472,Shaone Morrisonn,1.88492555,454
2010-2011,Regular Season,8471689,Ryan O'Marra,1.876295419,455
2010-2011,Regular Season,8474609,Luke Adam,1.857635683,456
2010-2011,Regular Season,8475690,Christopher Tanev,1.857378058,457
2010-2011,Regular Season,8473466,Ryan White,1.851191971,458
2010-2011,Regular Season,8471483,Kyle Wilson,1.845065984,459
2010-2011,Regular Season,8466182,Henrik Tallinder,1.843695641,460
2010-2011,Regular Season,8474519,Jack Hillen,1.843479757,461
2010-2011,Regular Season,8471681,Jack Skille,1.80938785,462
2010-2011,Regular Season,8470647,B.J. Crombeen,1.804868621,463
2010-2011,Regular Season,8459004,Craig Rivet,1.79223543,464
2010-2011,Regular Season,8467346,Simon Gagne,1.77355653,465
2010-2011,Regular Season,8475160,Kyle Clifford,1.762957477,466
2010-2011,Regular Season,8474189,Lars Eller,1.749289175,467
2010-2011,Regular Season,8472370,Jordan Hendry,1.734937436,468
2010-2011,Regular Season,8470724,Kyle Quincey,1.729939539,469
2010-2011,Regular Season,8471879,Kyle Cumiskey,1.728871588,470
2010-2011,Regular Season,8471314,Mike Lundin,1.714562183,471
2010-2011,Regular Season,8475179,Dmitry Kulikov,1.714050922,472
2010-2011,Regular Season,8474013,Ian Cole,1.710187163,473
2010-2011,Regular Season,8474557,Anssi Salmela,1.705022962,474
2010-2011,Regular Season,8467856,Brian Rafalski,1.69889932,475
2010-2011,Regular Season,8469501,Chris Thorburn,1.693945595,476
2010-2011,Regular Season,8469820,Zenon Konopka,1.692708417,477
2010-2011,Regular Season,8466309,Mike Mottau,1.679073926,478
2010-2011,Regular Season,8473605,Alexander Vasyunov,1.679040538,479
2010-2011,Regular Season,8471231,Kyle Chipchura,1.670933973,480
2010-2011,Regular Season,8472379,Tim Stapleton,1.662483825,481
2010-2011,Regular Season,8475060,Matt Taormina,1.638456105,482
2010-2011,Regular Season,8471856,Joe Vitale,1.632610017,483
2010-2011,Regular Season,8471668,Mattias Ritola,1.626890709,484
2010-2011,Regular Season,8474001,TJ Galiardi,1.613664626,485
2010-2011,Regular Season,8473991,Karl Alzner,1.575642334,486
2010-2011,Regular Season,8471702,Matt Niskanen,1.562525936,487
2010-2011,Regular Season,8475185,Jacob Josefson,1.562228805,488
2010-2011,Regular Season,8469685,Andrew Murray,1.556694422,489
2010-2011,Regular Season,8474566,Nikita Filatov,1.547065401,490
2010-2011,Regular Season,8470086,Joe Callahan,1.522843582,491
2010-2011,Regular Season,8468500,Alex Frolov,1.477796321,492
2010-2011,Regular Season,8474164,Jonathon Blum,1.463551686,493
2010-2011,Regular Season,8473992,Justin Falk,1.442606806,494
2010-2011,Regular Season,8462093,Peter Schaefer,1.439788991,495
2010-2011,Regular Season,8470988,Bryan Rodney,1.427989191,496
2010-2011,Regular Season,8473592,Vladimir Zharkov,1.426396462,497
2010-2011,Regular Season,8474618,Marco Scandella,1.394413462,498
2010-2011,Regular Season,8469464,Fredrik Sjostrom,1.383496304,499
2010-2011,Regular Season,8471216,Cam Barker,1.375867619,500
2010-2011,Regular Season,8469623,Marek Zidlicky,1.364241279,501
2010-2011,Regular Season,8474582,Mattias Tedenby,1.361156571,502
2010-2011,Regular Season,8462161,Brent Johnson,1.326645319,503
2010-2011,Regular Season,8460527,Ryan Johnson,1.322516817,504
2010-2011,Regular Season,8462041,Radek Dvorak,1.316331908,505
2010-2011,Regular Season,8470905,Randy Jones,1.291697681,506
2010-2011,Regular Season,8475181,Nick Leddy,1.281618097,507
2010-2011,Regular Season,8470741,Nigel Dawes,1.264428746,508
2010-2011,Regular Season,8458541,Steve Staios,1.258168379,509
2010-2011,Regular Season,8474579,Luca Sbisa,1.257013138,510
2010-2011,Regular Season,8467580,Mark Eaton,1.244529636,511
2010-2011,Regular Season,8466333,Andrew Ference,1.231221976,512
2010-2011,Regular Season,8460562,Chris Drury,1.228302662,513
2010-2011,Regular Season,8471508,Olivier Magnan,1.226445733,514
2010-2011,Regular Season,8475171,Oliver Ekman-Larsson,1.220918999,515
2010-2011,Regular Season,8472361,Bill Thomas,1.220183203,516
2010-2011,Regular Season,8471426,Troy Brouwer,1.219434271,517
2010-2011,Regular Season,8475764,Cam Fowler,1.213816188,518
2010-2011,Regular Season,8470737,Brett Sterling,1.195498133,519
2010-2011,Regular Season,8464979,Marco Sturm,1.16882149,520
2010-2011,Regular Season,8471748,Mark Fraser,1.163773014,521
2010-2011,Regular Season,8470192,Steve Eminger,1.157777023,522
2010-2011,Regular Season,8470648,Stefan Meyer,1.131842725,523
2010-2011,Regular Season,8475799,Nino Niederreiter,1.127377665,524
2010-2011,Regular Season,8466392,Todd White,1.125519603,525
2010-2011,Regular Season,8460504,Ethan Moreau,1.117883077,526
2010-2011,Regular Season,8471873,Anton Stralman,1.117029908,527
2010-2011,Regular Season,8470329,Chris Campoli,1.116660296,528
2010-2011,Regular Season,8469608,Mike Smith,1.096296592,529
2010-2011,Regular Season,8468478,Mike Weaver,1.094569741,530
2010-2011,Regular Season,8464999,Mathieu Garon,1.09234272,531
2010-2011,Regular Season,8474574,Tyler Myers,1.085983134,532
2010-2011,Regular Season,8474027,Justin Braun,1.075824852,533
2010-2011,Regular Season,8460555,Jason Strudwick,1.074473801,534
2010-2011,Regular Season,8462036,Daymond Langkow,1.074038146,535
2010-2011,Regular Season,8468086,Alexandre Giroux,1.045041862,536
2010-2011,Regular Season,8470871,Chris Porter,1.044938999,537
2010-2011,Regular Season,8467391,Jason LaBarbera,1.040723044,538
2010-2011,Regular Season,8474000,Steven Kampfer,1.023257963,539
2010-2011,Regular Season,8469584,Joel Perrault,1.017621043,540
2010-2011,Regular Season,8472355,Rod Pelley,1.006140447,541
2010-2011,Regular Season,8471710,Taylor Chorney,0.997162192,542
2010-2011,Regular Season,8468927,Steve Montador,0.993068859,543
2010-2011,Regular Season,8474114,Oscar Moller,0.975537155,544
2010-2011,Regular Season,8470774,Bruno Gervais,0.974055351,545
2010-2011,Regular Season,8469480,Jeff Woywitka,0.967931471,546
2010-2011,Regular Season,8474050,Brett MacLean,0.967458624,547
2010-2011,Regular Season,8469619,Dennis Seidenberg,0.966488175,548
2010-2011,Regular Season,8475431,Henrik Karlsson,0.956854122,549
2010-2011,Regular Season,8475304,Scott Timmins,0.944530311,550
2010-2011,Regular Season,8470607,Brent Seabrook,0.936880712,551
2010-2011,Regular Season,8465202,Sami Salo,0.932243897,552
2010-2011,Regular Season,8473568,Andreas Nodl,0.915886744,553
2010-2011,Regular Season,8467344,Robyn Regehr,0.88726336,554
2010-2011,Regular Season,8459628,Hal Gill,0.876588821,555
2010-2011,Regular Season,8471717,Adam McQuaid,0.873772619,556
2010-2011,Regular Season,8468101,Radek Martinek,0.871642532,557
2010-2011,Regular Season,8455919,Craig Conroy,0.862653696,558
2010-2011,Regular Season,8474518,Davis Drewiske,0.858839096,559
2010-2011,Regular Season,8469670,Marek Svatos,0.85573954,560
2010-2011,Regular Season,8471280,Nick Johnson,0.853485854,561
2010-2011,Regular Season,8470986,Darryl Boyce,0.843646895,562
2010-2011,Regular Season,8471269,Nicklas Grossmann,0.83662013,563
2010-2011,Regular Season,8471705,Brendan Mikkelson,0.820918144,564
2010-2011,Regular Season,8470996,Danny Syvret,0.807892965,565
2010-2011,Regular Season,8474077,Carson McMillan,0.802653987,566
2010-2011,Regular Season,8470719,Alexandre Bolduc,0.793815326,567
2010-2011,Regular Season,8474085,Johan Harju,0.793425498,568
2010-2011,Regular Season,8467496,Andrei Markov,0.786829367,569
2010-2011,Regular Season,8465012,Tom Poti,0.777995211,570
2010-2011,Regular Season,8470018,Matt Ellis,0.777903991,571
2010-2011,Regular Season,8473562,John McCarthy,0.768022423,572
2010-2011,Regular Season,8470854,Tanner Glass,0.746406317,573
2010-2011,Regular Season,8459457,Jamie Langenbrunner,0.742063104,574
2010-2011,Regular Season,8470615,Marc-Antoine Pouliot,0.741989661,575
2010-2011,Regular Season,8471786,Ray Macias,0.721450834,576
2010-2011,Regular Season,8471490,Adam Cracknell,0.720166425,577
2010-2011,Regular Season,8471388,Patrick Kaleta,0.717745898,578
2010-2011,Regular Season,8470656,David Liffiton,0.715234406,579
2010-2011,Regular Season,8474727,Ben Smith,0.70500016,580
2010-2011,Regular Season,8462196,Stephane Robidas,0.704867932,581
2010-2011,Regular Season,8469531,Jay Harrison,0.696233611,582
2010-2011,Regular Season,8472382,Andy Greene,0.682017646,583
2010-2011,Regular Season,8474137,Drayson Bowman,0.668653842,584
2010-2011,Regular Season,8473608,Blake Geoffrion,0.66257933,585
2010-2011,Regular Season,8471708,Ryan Stoa,0.645590903,586
2010-2011,Regular Season,8467964,Mike Comrie,0.637832656,587
2010-2011,Regular Season,8471419,Mark Mancari,0.632663877,588
2010-2011,Regular Season,8471730,Evan Brophey,0.62427285,589
2010-2011,Regular Season,8474892,Eric Wellwood,0.613122289,590
2010-2011,Regular Season,8471386,Scott Parse,0.607854298,591
2010-2011,Regular Season,8471743,Vladimir Sobotka,0.605171657,592
2010-2011,Regular Season,8471756,Oskars Bartulis,0.598906172,593
2010-2011,Regular Season,8471279,Sami Lepisto,0.575005101,594
2010-2011,Regular Season,8474707,Philip Larsen,0.566405858,595
2010-2011,Regular Season,8468846,Tyler Sloan,0.560970139,596
2010-2011,Regular Season,8467466,Trent Hunter,0.549363021,597
2010-2011,Regular Season,8458361,Doug Weight,0.546105864,598
2010-2011,Regular Season,8472262,Clay Wilson,0.541162795,599
2010-2011,Regular Season,8468114,Douglas Murray,0.528838741,600
2010-2011,Regular Season,8475204,Brandon Pirri,0.527057549,601
2010-2011,Regular Season,8465210,Pavel Kubina,0.509436462,602
2010-2011,Regular Season,8474207,Nick Holden,0.504722418,603
2010-2011,Regular Season,8470705,Corey Locke,0.485964648,604
2010-2011,Regular Season,8474195,Maksim Mayorov,0.485763739,605
2010-2011,Regular Season,8466216,Adam Mair,0.478472614,606
2010-2011,Regular Season,8474002,Colby Cohen,0.475747203,607
2010-2011,Regular Season,8469492,Fedor Tyutin,0.469996207,608
2010-2011,Regular Season,8468695,Matthew Lombardi,0.468626447,609
2010-2011,Regular Season,8474592,Philip McRae,0.455848424,610
2010-2011,Regular Season,8467502,Ales Kotalik,0.455204602,611
2010-2011,Regular Season,8471268,Victor Oreskovich,0.449048665,612
2010-2011,Regular Season,8471692,Ryan Parent,0.439028828,613
2010-2011,Regular Season,8471385,Adam Pardy,0.425955648,614
2010-2011,Regular Season,8470672,Ryan O'Byrne,0.418817411,615
2010-2011,Regular Season,8475193,Tomas Tatar,0.400576188,616
2010-2011,Regular Season,8471299,Peter Regin,0.392461136,617
2010-2011,Regular Season,8474535,Chris Mueller,0.386335707,618
2010-2011,Regular Season,8466144,Paul Mara,0.378804196,619
2010-2011,Regular Season,8472394,Peter Harrold,0.372356405,620
2010-2011,Regular Season,8475677,Linus Klasen,0.369376486,621
2010-2011,Regular Season,8468493,Ron Hainsey,0.362454927,622
2010-2011,Regular Season,8467519,Karlis Skrastins,0.359295345,623
2010-2011,Regular Season,8465200,Tomas Kaberle,0.350966679,624
2010-2011,Regular Season,8471817,Ryan Reaves,0.350911939,625
2010-2011,Regular Season,8470140,Kari Lehtonen,0.350209014,626
2010-2011,Regular Season,8473712,Frazer McLaren,0.3495516,627
2010-2011,Regular Season,8466398,Tom Kostopoulos,0.346463366,628
2010-2011,Regular Season,8468513,Nick Schultz,0.345747867,629
2010-2011,Regular Season,8474222,Maxim Noreau,0.340477763,630
2010-2011,Regular Season,8471413,Mike Vernace,0.327494698,631
2010-2011,Regular Season,8474100,Dwight King,0.312388619,632
2010-2011,Regular Season,8473953,Derek Smith,0.312361643,633
2010-2011,Regular Season,8468674,Deryk Engelland,0.30470465,634
2010-2011,Regular Season,8458520,Peter Forsberg,0.291371584,635
2010-2011,Regular Season,8470280,Ben Eager,0.290287644,636
2010-2011,Regular Season,8469582,Colin Stuart,0.289850808,637
2010-2011,Regular Season,8474601,Yann Sauve,0.289847194,638
2010-2011,Regular Season,8470136,Nathan Oystrick,0.287148316,639
2010-2011,Regular Season,8470800,Mike Brodeur,0.28299058,640
2010-2011,Regular Season,8471436,Matt Hunwick,0.273260207,641
2010-2011,Regular Season,8471187,Brett Lebda,0.264316489,642
2010-2011,Regular Season,8471011,Garrett Stafford,0.263383027,643
2010-2011,Regular Season,8470609,Steve Bernier,0.263070283,644
2010-2011,Regular Season,8470809,Jeremy Williams,0.256262643,645
2010-2011,Regular Season,8473488,Sergei Shirokov,0.256105009,646
2010-2011,Regular Season,8474616,Patrice Cormier,0.236067601,647
2010-2011,Regular Season,8471752,Marc-Andre Gragnani,0.231763267,648
2010-2011,Regular Season,8460661,Shane Hnidy,0.231741485,649
2010-2011,Regular Season,8474570,Cody Hodgson,0.223405257,650
2010-2011,Regular Season,8470232,Kris Newbury,0.222636195,651
2010-2011,Regular Season,8475214,Jeremy Morin,0.219239032,652
2010-2011,Regular Season,8473569,Jan Mursak,0.215694547,653
2010-2011,Regular Season,8473970,Rob Klinkhammer,0.209588825,654
2010-2011,Regular Season,8475266,Tomas Vincour,0.205889714,655
2010-2011,Regular Season,8476205,Stephane Da Costa,0.205803627,656
2010-2011,Regular Season,8474531,Mike Moore,0.202929293,657
2010-2011,Regular Season,8475151,Kyle Palmieri,0.194021535,658
2010-2011,Regular Season,8470651,Jeremy Colliton,0.192251872,659
2010-2011,Regular Season,8473997,Luca Caputi,0.186638861,660
2010-2011,Regular Season,8474571,Mikkel Boedker,0.183407677,661
2010-2011,Regular Season,8471482,Grant Clitsome,0.182987552,662
2010-2011,Regular Season,8473444,Jon Matsumoto,0.178821526,663
2010-2011,Regular Season,8474673,TJ Brodie,0.162331778,664
2010-2011,Regular Season,8474850,Brandon Mashinter,0.159851592,665
2010-2011,Regular Season,8471265,Raymond Sawada,0.159631651,666
2010-2011,Regular Season,8470104,Tom Gilbert,0.157329341,667
2010-2011,Regular Season,8470860,Jaroslav Halak,0.1457732,668
2010-2011,Regular Season,8475602,Casey Wellman,0.143964812,669
2010-2011,Regular Season,8473461,Steve Mason,0.137681609,670
2010-2011,Regular Season,8473638,Cedrick Desjardins,0.135665881,671
2010-2011,Regular Season,8474063,Mark Katic,0.13074028,672
2010-2011,Regular Season,8473913,Sean Collins,0.129504751,673
2010-2011,Regular Season,8468484,Rostislav Klesla,0.129150166,674
2010-2011,Regular Season,8469647,Derek Boogaard,0.125951997,675
2010-2011,Regular Season,8471956,Andrew Desjardins,0.125037733,676
2010-2011,Regular Season,8473560,Korbinian Holzer,0.112380515,677
2010-2011,Regular Season,8473493,Ben Maxwell,0.110963745,678
2010-2011,Regular Season,8474146,Spencer Machacek,0.108281267,679
2010-2011,Regular Season,8460502,Wade Belak,0.104369797,680
2010-2011,Regular Season,8458568,Chris Osgood,0.101739054,681
2010-2011,Regular Season,8468540,Dan Ellis,0.097688418,682
2010-2011,Regular Season,8470230,Daniel Paille,0.095032358,683
2010-2011,Regular Season,8470156,Joey Crabb,0.095029266,684
2010-2011,Regular Season,8475361,Jonas Gustavsson,0.094833889,685
2010-2011,Regular Season,8474690,Kevin Poulin,0.094777858,686
2010-2011,Regular Season,8473673,David Schlemko,0.093940761,687
2010-2011,Regular Season,8471728,Brodie Dupont,0.091837382,688
2010-2011,Regular Season,8473459,Arturs Kulda,0.089299446,689
2010-2011,Regular Season,8471409,Andrew Gordon,0.088561569,690
2010-2011,Regular Season,8471753,T.J. Hensick,0.087642937,691
2010-2011,Regular Season,8470680,Ryan Potulny,0.081928018,692
2010-2011,Regular Season,8470321,Patrick Rissmiller,0.080775726,693
2010-2011,Regular Season,8475613,Nate Prosser,0.080166729,694
2010-2011,Regular Season,8469505,Noah Welch,0.075604887,695
2010-2011,Regular Season,8474657,Jamie Arniel,0.06697324,696
2010-2011,Regular Season,8475215,Robin Lehner,0.065318672,697
2010-2011,Regular Season,8475170,Brayden Schenn,0.060550321,698
2010-2011,Regular Season,8473541,Jonathan Bernier,0.058340453,699
2010-2011,Regular Season,8475603,Ben Holmstrom,0.056647059,700
2010-2011,Regular Season,8470113,John Zeiler,0.052208072,701
2010-2011,Regular Season,8467937,Michael Zigomanis,0.048091889,702
2010-2011,Regular Season,8473558,Cory Emmerton,0.043715373,703
2010-2011,Regular Season,8467428,Krys Barch,0.039737026,704
2010-2011,Regular Season,8468510,Jeff Taffe,0.039233218,705
2010-2011,Regular Season,8470798,Dylan Reese,0.038833079,706
2010-2011,Regular Season,8474605,Patrick Wiercioch,0.038270631,707
2010-2011,Regular Season,8470787,Drew Bagnall,0.03442686,708
2010-2011,Regular Season,8471978,Brett Festerling,0.03436202,709
2010-2011,Regular Season,8471474,Travis Morin,0.03409731,710
2010-2011,Regular Season,8475186,John Moore,0.029108444,711
2010-2011,Regular Season,8471832,Nick Drazenovic,0.02572144,712
2010-2011,Regular Season,8471760,Cody Bass,0.023612748,713
2010-2011,Regular Season,8474731,Justin DiBenedetto,0.015484425,714
2010-2011,Regular Season,8475159,Carl Klingberg,0.010083951,715
2010-2011,Regular Season,8471767,Blair Jones,0.007492421,716
2010-2011,Regular Season,8471399,Robbie Earl,0.00565087,717
2010-2011,Regular Season,8473611,Shane Sims,5.55E-17,718
2010-2011,Regular Season,8469461,Pascal Leclaire,0,719
2010-2011,Regular Season,8471750,Ben Bishop,0,720
2010-2011,Regular Season,8474771,Peter Mannino,0,721
2010-2011,Regular Season,8470065,Ryan Craig,-0.001819483,722
2010-2011,Regular Season,8471310,Dustin Boyd,-0.005874255,723
2010-2011,Regular Season,8470714,Corey Potter,-0.009066247,724
2010-2011,Regular Season,8460533,Dave Scatchard,-0.009316403,725
2010-2011,Regular Season,8469548,Ray Emery,-0.009741665,726
2010-2011,Regular Season,8471428,Pierre-Luc Letourneau-Leblond,-0.014775562,727
2010-2011,Regular Season,8474074,Paul Postma,-0.015815791,728
2010-2011,Regular Season,8469779,Keith Aucoin,-0.01639909,729
2010-2011,Regular Season,8467408,Matt Walker,-0.016979951,730
2010-2011,Regular Season,8469152,Ty Conklin,-0.017920425,731
2010-2011,Regular Season,8471741,Teemu Laakso,-0.018029362,732
2010-2011,Regular Season,8473575,Semyon Varlamov,-0.018826818,733
2010-2011,Regular Season,8470777,Francis Wathier,-0.02052789,734
2010-2011,Regular Season,8473589,Chris Summers,-0.021031217,735
2010-2011,Regular Season,8469514,Peter Budaj,-0.022092282,736
2010-2011,Regular Season,8464984,Josh Green,-0.025931325,737
2010-2011,Regular Season,8474693,Tomas Kubalik,-0.026494762,738
2010-2011,Regular Season,8474674,James Wright,-0.030019214,739
2010-2011,Regular Season,8475683,Sergei Bobrovsky,-0.032747443,740
2010-2011,Regular Season,8471368,Roman Wick,-0.033559526,741
2010-2011,Regular Season,8475640,Erik Gustafsson,-0.038970075,742
2010-2011,Regular Season,8474192,Matt Frattin,-0.042446899,743
2010-2011,Regular Season,8473456,Rhett Rakhshani,-0.046640867,744
2010-2011,Regular Season,8476208,Matt Campanale,-0.050415993,745
2010-2011,Regular Season,8475641,Brendon Nash,-0.053099014,746
2010-2011,Regular Season,8469564,Richard Petiot,-0.053963066,747
2010-2011,Regular Season,8471418,Anton Khudobin,-0.055611476,748
2010-2011,Regular Season,8462052,Brian Boucher,-0.058083799,749
2010-2011,Regular Season,8460492,Ed Jovanovski,-0.061822525,750
2010-2011,Regular Season,8470324,Josh Gorges,-0.068491969,751
2010-2011,Regular Season,8475990,Jamie Doornbosch,-0.073152546,752
2010-2011,Regular Season,8475950,Marcel Mueller,-0.076463031,753
2010-2011,Regular Season,8468038,Michael Leighton,-0.083280583,754
2010-2011,Regular Season,8473722,John Scott,-0.090146456,755
2010-2011,Regular Season,8465024,Jon Sim,-0.099500655,756
2010-2011,Regular Season,8475372,Andreas Engqvist,-0.101798385,757
2010-2011,Regular Season,8470378,Andre Benoit,-0.10331793,758
2010-2011,Regular Season,8470645,Corey Crawford,-0.105248564,759
2010-2011,Regular Season,8473565,Brian Strait,-0.107667407,760
2010-2011,Regular Season,8467928,Doug Janik,-0.1087921,761
2010-2011,Regular Season,8474045,Zach Hamill,-0.110886471,762
2010-2011,Regular Season,8474587,Greg Nemisz,-0.111883163,763
2010-2011,Regular Season,8471941,Mike Duco,-0.115683987,764
2010-2011,Regular Season,8470760,Marc Methot,-0.116542321,765
2010-2011,Regular Season,8473584,Andrew MacDonald,-0.120932982,766
2010-2011,Regular Season,8475104,Evan Oberg,-0.1293927,767
2010-2011,Regular Season,8470189,David Van Der Gulik,-0.130156369,768
2010-2011,Regular Season,8473972,Jonas Hiller,-0.133932681,769
2010-2011,Regular Season,8470147,Curtis McElhinney,-0.135646128,770
2010-2011,Regular Season,8469120,Raitis Ivanans,-0.146911832,771
2010-2011,Regular Season,8471840,Brett Sutter,-0.152411056,772
2010-2011,Regular Season,8474634,Evgeny Grachev,-0.154306515,773
2010-2011,Regular Season,8474749,Matt Bartkowski,-0.154440357,774
2010-2011,Regular Season,8465026,Mark Parrish,-0.159015489,775
2010-2011,Regular Season,8464994,Steve Begin,-0.160114869,776
2010-2011,Regular Season,8474162,Jake Muzzin,-0.163920192,777
2010-2011,Regular Season,8473404,Niklas Backstrom,-0.166892142,778
2010-2011,Regular Season,8474030,Aaron Palushaj,-0.173912456,779
2010-2011,Regular Season,8467906,Jonas Andersson,-0.180466107,780
2010-2011,Regular Season,8473523,Jhonas Enroth,-0.18514048,781
2010-2011,Regular Season,8474121,Colton Gillies,-0.199995364,782
2010-2011,Regular Season,8459579,Patrick Lalime,-0.202744668,783
2010-2011,Regular Season,8473600,Benn Ferriero,-0.20552412,784
2010-2011,Regular Season,8473426,Mike Weber,-0.213239633,785
2010-2011,Regular Season,8467511,Antero Niittymaki,-0.217659811,786
2010-2011,Regular Season,8467927,Andrew Hutchinson,-0.22234411,787
2010-2011,Regular Season,8460580,Brad Lukowich,-0.234690312,788
2010-2011,Regular Season,8474584,Michael Del Zotto,-0.24033408,789
2010-2011,Regular Season,8455710,Martin Brodeur,-0.244075807,790
2010-2011,Regular Season,8475248,Alexander Urbom,-0.245349344,791
2010-2011,Regular Season,8468524,Ilya Bryzgalov,-0.246405215,792
2010-2011,Regular Season,8471227,Devan Dubnyk,-0.251560286,793
2010-2011,Regular Season,8474719,Teemu Hartikainen,-0.261465361,794
2010-2011,Regular Season,8473931,Lee Sweatt,-0.264962964,795
2010-2011,Regular Season,8470708,Guillaume Desbiens,-0.269232759,796
2010-2011,Regular Season,8474651,Braden Holtby,-0.271489838,797
2010-2011,Regular Season,8474094,Matt Halischuk,-0.272262873,798
2010-2011,Regular Season,8467436,Jay Leach,-0.272607557,799
2010-2011,Regular Season,8474642,Lance Bouma,-0.280111389,800
2010-2011,Regular Season,8465113,Brian Willsie,-0.289342009,801
2010-2011,Regular Season,8460703,Tim Thomas,-0.29957702,802
2010-2011,Regular Season,8462535,Jody Shelley,-0.300728564,803
2010-2011,Regular Season,8470294,DJ King,-0.301626104,804
2010-2011,Regular Season,8470666,Daniel Carcillo,-0.313717911,805
2010-2011,Regular Season,8474765,Anders Lindback,-0.316518373,806
2010-2011,Regular Season,8473542,Tom Sestito,-0.327289818,807
2010-2011,Regular Season,8469474,Colby Armstrong,-0.330861244,808
2010-2011,Regular Season,8470605,Hugh Jessiman,-0.342608845,809
2010-2011,Regular Season,8474739,Tommy Wingels,-0.350746922,810
2010-2011,Regular Season,8474611,Cameron Gaunce,-0.353471193,811
2010-2011,Regular Season,8471321,Brett Carson,-0.367479986,812
2010-2011,Regular Season,8474550,Antti Niemi,-0.376859231,813
2010-2011,Regular Season,8465005,Colin White,-0.38012134,814
2010-2011,Regular Season,8471219,Al Montoya,-0.394981348,815
2010-2011,Regular Season,8471663,Mike Blunden,-0.397237811,816
2010-2011,Regular Season,8467453,Andrew Raycroft,-0.407681796,817
2010-2011,Regular Season,8470110,Trevor Daley,-0.410795529,818
2010-2011,Regular Season,8471240,Jeff Schultz,-0.411731997,819
2010-2011,Regular Season,8474149,Evgenii Dadonov,-0.41779129,820
2010-2011,Regular Season,8471696,Matt Lashoff,-0.418142657,821
2010-2011,Regular Season,8471348,Nikita Nikitin,-0.427455087,822
2010-2011,Regular Season,8471222,Ladislav Smid,-0.433586787,823
2010-2011,Regular Season,8470320,Cam Ward,-0.436807609,824
2010-2011,Regular Season,8462047,Martin Biron,-0.463189048,825
2010-2011,Regular Season,8473927,Brad Mills,-0.463232163,826
2010-2011,Regular Season,8468011,Ryan Miller,-0.475395763,827
2010-2011,Regular Season,8471429,Tyler Eckford,-0.476059169,828
2010-2011,Regular Season,8472410,Stephen Gionta,-0.480456869,829
2010-2011,Regular Season,8475619,Aaron Volpatti,-0.487326904,830
2010-2011,Regular Season,8473514,Jesse Joensuu,-0.488758281,831
2010-2011,Regular Season,8467412,Alexei Ponikarovsky,-0.489202658,832
2010-2011,Regular Season,8474042,Cody Almond,-0.491475518,833
2010-2011,Regular Season,8474577,Joe Colborne,-0.495272587,834
2010-2011,Regular Season,8473503,James Reimer,-0.497503775,835
2010-2011,Regular Season,8470804,Mathieu Roy,-0.501315597,836
2010-2011,Regular Season,8473933,Ben Lovejoy,-0.501383647,837
2010-2011,Regular Season,8470634,Matt Smaby,-0.501842999,838
2010-2011,Regular Season,8471451,Aaron Gagnon,-0.508946611,839
2010-2011,Regular Season,8466339,Scott Clemmensen,-0.51406361,840
2010-2011,Regular Season,8467393,Jarkko Ruutu,-0.517005775,841
2010-2011,Regular Season,8474046,Alex Plante,-0.529195321,842
2010-2011,Regular Season,8474009,Nick Bonino,-0.530856426,843
2010-2011,Regular Season,8475087,Christian Hanson,-0.531190062,844
2010-2011,Regular Season,8462044,Jean-Sebastien Giguere,-0.536629775,845
2010-2011,Regular Season,8471719,Matt Kassian,-0.541791322,846
2010-2011,Regular Season,8471694,Kenndal McArdle,-0.548747641,847
2010-2011,Regular Season,8471239,Cory Schneider,-0.552813795,848
2010-2011,Regular Season,8468599,Brian Fahey,-0.579762767,849
2010-2011,Regular Season,8470867,Troy Bodie,-0.581320838,850
2010-2011,Regular Season,8467910,Nolan Yonkman,-0.591538389,851
2010-2011,Regular Season,8471958,Dan Girardi,-0.594424473,852
2010-2011,Regular Season,8474154,Andreas Thuresson,-0.596340445,853
2010-2011,Regular Season,8471670,Guillaume Latendresse,-0.597731954,854
2010-2011,Regular Season,8465025,Arron Asham,-0.606249796,855
2010-2011,Regular Season,8471769,Niklas Hjalmarsson,-0.635520241,856
2010-2011,Regular Season,8468887,Warren Peters,-0.635933667,857
2010-2011,Regular Season,8467331,Brad Stuart,-0.645424772,858
2010-2011,Regular Season,8470661,Jean-Francois Jacques,-0.648044709,859
2010-2011,Regular Season,8468095,George Parros,-0.661690155,860
2010-2011,Regular Season,8468660,Darcy Hordichuk,-0.682240032,861
2010-2011,Regular Season,8469992,Sheldon Brookbank,-0.685699983,862
2010-2011,Regular Season,8467913,Alex Auld,-0.690049675,863
2010-2011,Regular Season,8458951,Sergei Gonchar,-0.701308154,864
2010-2011,Regular Season,8467400,Francois Beauchemin,-0.705052488,865
2010-2011,Regular Season,8469672,Aaron Voros,-0.705733203,866
2010-2011,Regular Season,8470309,Ryan Whitney,-0.709273504,867
2010-2011,Regular Season,8466142,Eric Brewer,-0.712498487,868
2010-2011,Regular Season,8474610,Zac Dalpe,-0.714956086,869
2010-2011,Regular Season,8474048,Keith Aulie,-0.735493437,870
2010-2011,Regular Season,8469755,Brandon Segal,-0.743117816,871
2010-2011,Regular Season,8470630,Kevin Klein,-0.743858604,872
2010-2011,Regular Season,8474668,Dale Weise,-0.749064686,873
2010-2011,Regular Season,8474641,Adam Henrique,-0.755207026,874
2010-2011,Regular Season,8473501,Ty Wishart,-0.766676376,875
2010-2011,Regular Season,8468501,Anton Volchenkov,-0.774576327,876
2010-2011,Regular Season,8470687,Zack Stortini,-0.780260929,877
2010-2011,Regular Season,8465059,Matt Bradley,-0.798642357,878
2010-2011,Regular Season,8475323,Marcus Kruger,-0.812806839,879
2010-2011,Regular Season,8468515,Brad Winchester,-0.820597442,880
2010-2011,Regular Season,8471848,Andrey Zubarev,-0.830957953,881
2010-2011,Regular Season,8474166,Alec Martinez,-0.857351148,882
2010-2011,Regular Season,8473507,Jeff Petry,-0.868185302,883
2010-2011,Regular Season,8470729,Tyson Strachan,-0.869228278,884
2010-2011,Regular Season,8470816,Jay Rosehill,-0.872827048,885
2010-2011,Regular Season,8471695,Tuukka Rask,-0.877510683,886
2010-2011,Regular Season,8469675,Martin Gerber,-0.913690897,887
2010-2011,Regular Season,8474153,Michal Repik,-0.92063543,888
2010-2011,Regular Season,8459140,Nikolai Khabibulin,-0.926962816,889
2010-2011,Regular Season,8460712,Tomas Vokoun,-0.933678381,890
2010-2011,Regular Season,8468685,Henrik Lundqvist,-0.97053793,891
2010-2011,Regular Season,8471863,Mario Bliznak,-0.977308939,892
2010-2011,Regular Season,8469732,Joey MacDonald,-0.98148964,893
2010-2011,Regular Season,8467304,Andy Sutton,-0.994438348,894
2010-2011,Regular Season,8468626,David Koci,-1.005931785,895
2010-2011,Regular Season,8460806,Dwayne Roloson,-1.027915419,896
2010-2011,Regular Season,8471628,Rick Rypien,-1.030950552,897
2010-2011,Regular Season,8471411,Chad Kolarik,-1.039459176,898
2010-2011,Regular Season,8470623,Shawn Belle,-1.04310928,899
2010-2011,Regular Season,8460704,Johan Hedberg,-1.097733704,900
2010-2011,Regular Season,8470580,Jed Ortmeyer,-1.114528791,901
2010-2011,Regular Season,8471251,Justin Peters,-1.135695649,902
2010-2011,Regular Season,8474024,Jim O'Brien,-1.165669311,903
2010-2011,Regular Season,8469681,Ryan Hollweg,-1.186669963,904
2010-2011,Regular Season,8470317,Nate Guenin,-1.190289793,905
2010-2011,Regular Season,8470123,Cam Janssen,-1.199703002,906
2010-2011,Regular Season,8474762,Stefan Della Rovere,-1.204483113,907
2010-2011,Regular Season,8471715,Ondrej Pavelec,-1.218550561,908
2010-2011,Regular Season,8474855,Nathan Lawson,-1.241630658,909
2010-2011,Regular Season,8471842,Tim Kennedy,-1.247329061,910
2010-2011,Regular Season,8467950,Craig Anderson,-1.280567662,911
2010-2011,Regular Season,8467579,Trevor Gillies,-1.320712778,912
2010-2011,Regular Season,8466141,Roberto Luongo,-1.323799529,913
2010-2011,Regular Season,8474230,Micheal Haley,-1.363905873,914
2010-2011,Regular Season,8456283,Adam Foote,-1.405467687,915
2010-2011,Regular Season,8467452,Rob Scuderi,-1.406389585,916
2010-2011,Regular Season,8470594,Marc-Andre Fleury,-1.406409905,917
2010-2011,Regular Season,8468506,Brian Sutherby,-1.4435862,918
2010-2011,Regular Season,8470640,Matthew Carle,-1.447320005,919
2010-2011,Regular Season,8460612,Marty Turco,-1.449048772,920
2010-2011,Regular Season,8462152,Chris Mason,-1.486451074,921
2010-2011,Regular Season,8470657,Jimmy Howard,-1.490407299,922
2010-2011,Regular Season,8462147,Miikka Kiprusoff,-1.500065475,923
2010-2011,Regular Season,8470072,Petr Prucha,-1.509630729,924
2010-2011,Regular Season,8470880,Brian Elliott,-1.510247028,925
2010-2011,Regular Season,8470966,Mark Giordano,-1.527092304,926
2010-2011,Regular Season,8460535,Jose Theodore,-1.562289259,927
2010-2011,Regular Season,8474025,Eric Tangradi,-1.580039675,928
2010-2011,Regular Season,8473607,Michal Neuvirth,-1.589931182,929
2010-2011,Regular Season,8471241,Mark Fistric,-1.596493012,930
2010-2011,Regular Season,8470896,Steve MacIntyre,-1.622808784,931
2010-2011,Regular Season,8469460,Mike Komisarek,-1.63513025,932
2010-2011,Regular Season,8468252,Eric Godard,-1.643929709,933
2010-2011,Regular Season,8471469,Pekka Rinne,-1.65163366,934
2010-2011,Regular Season,8466212,Francis Lessard,-1.675354138,935
2010-2011,Regular Season,8473734,Tim Wallace,-1.765392621,936
2010-2011,Regular Season,8470713,Paul Bissonnette,-1.996094043,937
2010-2011,Regular Season,8468481,Rick DiPietro,-1.999839166,938
2010-2011,Regular Season,8468778,Colton Orr,-2.058413352,939
2010-2011,Regular Season,8473580,Matthew Corrente,-2.096045977,940
2010-2011,Regular Season,8468534,Andreas Lilja,-2.125342073,941
2010-2011,Regular Season,8471371,Mike Brown,-2.131617035,942
2010-2011,Regular Season,8474730,Jonas Holos,-2.188627477,943
2010-2011,Regular Season,8468636,Greg Zanon,-2.198205642,944
2010-2011,Regular Season,8467493,Chris Neil,-2.200901172,945
2010-2011,Regular Season,8473908,Kevin Westgarth,-2.307031985,946
2010-2011,Regular Season,8467365,John Erskine,-2.312250857,947
2010-2011,Regular Season,8464957,J-P Dumont,-2.327912335,948
2010-2011,Regular Season,8464981,Cory Sarich,-2.432523616,949
2010-2011,Regular Season,8458543,Jassen Cullimore,-2.536559641,950
2010-2011,Regular Season,8471679,Carey Price,-2.57503341,951
2010-2011,Regular Season,8471734,Jonathan Quick,-2.685297969,952
2010-2011,Regular Season,8471766,Jared Boll,-2.747606936,953
2010-2011,Regular Season,8459514,Jamal Mayers,-2.795218563,954
2010-2011,Regular Season,8471521,Brad Staubitz,-2.80663858,955
2010-2011,Regular Season,8467332,Bryan Allen,-2.812024755,956
2010-2011,Regular Season,8471810,Derek Joslin,-2.818301124,957
2010-2011,Regular Season,8467931,Matt Carkner,-2.826560734,958
2010-2011,Regular Season,8458637,Sean O'Donnell,-3.026137073,959
2010-2011,Regular Season,8468213,Jim Vandermeer,-3.835268244,960
2010-2011,Regular Season,8471683,Brian Lee,-3.842326847,961
2010-2011,Regular Season,8471657,Cody McLeod,-4.557110469,962
2010-2011,Regular Season,8464956,Chris Phillips,-5.496305491,963
2010-2011,Regular Season,8474709,Matt Martin,-5.543008614,964
2010-2011,Regular Season,8473525,Theo Peckham,-5.618986611,965
2010-2011,Regular Season,8469626,Andrew Alberts,-5.879363107,966
